{
  "id": "7901eda4-22da-4eb6-ba64-9cffa98a98b7",
  "name": "chord",
  "isOverridable": true,
  "entries": [
    {
      "value": "G",
      "synonyms": [
        "G",
        "the chord G",
        "G chord"
      ]
    },
    {
      "value": "C",
      "synonyms": [
        "C",
        "the chord c",
        "c chord"
      ]
    },
    {
      "value": "D",
      "synonyms": [
        "D",
        "the chord d",
        "d chord"
      ]
    },
    {
      "value": "E",
      "synonyms": [
        "E",
        "the chord d",
        "d chord"
      ]
    },
    {
      "value": "F",
      "synonyms": [
        "F",
        "the chord f",
        "f chord"
      ]
    },
    {
      "value": "A",
      "synonyms": [
        "A",
        "the chord a",
        "a chord"
      ]
    }
  ],
  "isEnum": false,
  "automatedExpansion": false
}